{"cameraMode":{"drawMode":0,"name":"Shaded","section":"Shading Mode"},"sceneLighting":true,"audioPlay":false,"sceneViewState":{"showFog":true,"showMaterialUpdate":false,"showSkybox":true,"showFlares":true,"showImageEffects":true,"showParticleSystems":true},"in2DMode":false,"pivot":{"x":0.4070628881454468,"y":-0.16217422485351563,"z":0.10000000149011612},"rotation":{"x":0.047547049820423129,"y":0.07245060056447983,"z":0.0034612889867275955,"w":-0.9962430596351624},"size":2.314574956893921,"orthographic":false}