{"cameraMode":{"drawMode":0,"name":"Shaded","section":"Shading Mode"},"sceneLighting":false,"audioPlay":false,"sceneViewState":{"showFog":true,"showMaterialUpdate":false,"showSkybox":false,"showFlares":true,"showImageEffects":true,"showParticleSystems":true},"in2DMode":false,"pivot":{"x":1.166525959968567,"y":-0.3454819917678833,"z":-0.88037109375},"rotation":{"x":-0.024319972842931749,"y":0.7849562764167786,"z":-0.030870839953422548,"w":-0.6183145642280579},"size":2.574978828430176,"orthographic":false}