{"cameraMode":{"drawMode":0,"name":"Shaded","section":"Shading Mode"},"sceneLighting":false,"audioPlay":false,"sceneViewState":{"showFog":true,"showMaterialUpdate":false,"showSkybox":false,"showFlares":true,"showImageEffects":true,"showParticleSystems":true},"in2DMode":false,"pivot":{"x":0.8047632575035095,"y":0.14499758183956147,"z":-0.3066328167915344},"rotation":{"x":0.022513747215270997,"y":0.6915563344955444,"z":0.021579572930932046,"w":-0.7216638326644898},"size":5.76458215713501,"orthographic":false}