{"cameraMode":{"drawMode":0,"name":"Shaded","section":"Shading Mode"},"sceneLighting":true,"audioPlay":false,"sceneViewState":{"showFog":true,"showMaterialUpdate":false,"showSkybox":true,"showFlares":true,"showImageEffects":true,"showParticleSystems":true},"in2DMode":false,"pivot":{"x":0.21111276745796204,"y":0.2562069594860077,"z":0.408203125},"rotation":{"x":-0.1729539930820465,"y":0.07290694862604141,"z":-0.012837397865951062,"w":-0.9821526408195496},"size":13.917257308959961,"orthographic":false}