{"cameraMode":{"drawMode":0,"name":"Shaded","section":"Shading Mode"},"sceneLighting":true,"audioPlay":false,"sceneViewState":{"showFog":true,"showMaterialUpdate":false,"showSkybox":true,"showFlares":true,"showImageEffects":true,"showParticleSystems":true},"in2DMode":false,"pivot":{"x":5.212708473205566,"y":-0.09696413576602936,"z":-0.94140625},"rotation":{"x":0.08403658866882324,"y":-0.4736528694629669,"z":-0.04546109586954117,"w":-0.8755212426185608},"size":6.925440788269043,"orthographic":false}