{"cameraMode":{"drawMode":0,"name":"Shaded","section":"Shading Mode"},"sceneLighting":false,"audioPlay":false,"sceneViewState":{"showFog":true,"showMaterialUpdate":false,"showSkybox":false,"showFlares":true,"showImageEffects":true,"showParticleSystems":true},"in2DMode":false,"pivot":{"x":1.166525959968567,"y":-0.3454819917678833,"z":-0.88037109375},"rotation":{"x":-0.012236383743584156,"y":-0.10867990553379059,"z":0.001338997739367187,"w":-0.9940113425254822},"size":2.574978828430176,"orthographic":false}